{
    "Andhra Pradesh": [
        "Visakhapatnam",
        "Vijayawada",
        "Guntur",
        "Nellore",
        "Kurnool",
        "Rajahmundry",
        "Tirupati",
        "Kakinada",
        "Kadapa",
        "Anantapur",
        "Srisailam",
        "Lepakshi",
        "Ahobilam",
        "Simhachalam",
        "Kanipakam"
    ],
    "Arunachal Pradesh": [
        "Itanagar",
        "Tawang",
        "Pasighat",
        "Ziro",
        "Bomdila"
    ],
    "Assam": [
        "Guwahati",
        "Silchar",
        "Dibrugarh",
        "Jorhat",
        "Nagaon",
        "Tinsukia",
        "Tezpur",
        "Majuli"
    ],
    "Bihar": [
        "Patna",
        "Gaya",
        "Bhagalpur",
        "Muzaffarpur",
        "Darbhanga",
        "Purnia",
        "Begusarai",
        "Bodh Gaya",
        "Rajgir",
        "Nalanda"
    ],
    "Chhattisgarh": [
        "Raipur",
        "Bhilai",
        "Bilaspur",
        "Korba",
        "Rajnandgaon",
        "Jagdalpur",
        "Raigarh"
    ],
    "Goa": [
        "Panaji",
        "Margao",
        "Vasco da Gama",
        "Mapusa",
        "Ponda"
    ],
    "Gujarat": [
        "Ahmedabad",
        "Surat",
        "Vadodara",
        "Rajkot",
        "Bhavnagar",
        "Jamnagar",
        "Junagadh",
        "Gandhinagar",
        "Dwarka",
        "Somnath",
        "Ambaji",
        "Palitana",
        "Modhera",
        "Dakor"
    ],
    "Haryana": [
        "Faridabad",
        "Gurugram",
        "Panipat",
        "Ambala",
        "Yamunanagar",
        "Rohtak",
        "Hisar",
        "Karnal",
        "Sonipat",
        "Kurukshetra"
    ],
    "Himachal Pradesh": [
        "Shimla",
        "Manali",
        "Dharamshala",
        "Mandi",
        "Solan",
        "Kullu",
        "Chamba",
        "Kangra",
        "Hamirpur",
        "Naina Devi",
        "Chintpurni",
        "Jawalamukhi"
    ],
    "Jharkhand": [
        "Jamshedpur",
        "Dhanbad",
        "Ranchi",
        "Bokaro Steel City",
        "Deoghar",
        "Hazaribagh",
        "Giridih"
    ],
    "Karnataka": [
        "Bangalore",
        "Mysore",
        "Hubli-Dharwad",
        "Mangalore",
        "Belgaum",
        "Gulbarga",
        "Davangere",
        "Bellary",
        "Bijapur",
        "Shimoga",
        "Tumkur",
        "Udupi",
        "Hampi",
        "Gokarna",
        "Murudeshwar",
        "Sringeri",
        "Dharmasthala",
        "Kukke Subramanya"
    ],
    "Kerala": [
        "Thiruvananthapuram",
        "Kochi",
        "Kozhikode",
        "Thrissur",
        "Kollam",
        "Palakkad",
        "Alappuzha",
        "Kannur",
        "Kottayam",
        "Guruvayur",
        "Sabarimala",
        "Padmanabhaswamy"
    ],
    "Madhya Pradesh": [
        "Indore",
        "Bhopal",
        "Jabalpur",
        "Gwalior",
        "Ujjain",
        "Sagar",
        "Dewas",
        "Satna",
        "Ratlam",
        "Rewa",
        "Omkareshwar",
        "Maheshwar",
        "Khajuraho",
        "Orchha",
        "Chitrakoot"
    ],
    "Maharashtra": [
        "Mumbai",
        "Pune",
        "Nagpur",
        "Thane",
        "Nashik",
        "Kalyan-Dombivli",
        "Vasai-Virar",
        "Aurangabad",
        "Navi Mumbai",
        "Solapur",
        "Kolhapur",
        "Amravati",
        "Nanded",
        "Sangli",
        "Jalgaon",
        "Akola",
        "Latur",
        "Dhule",
        "Ahmednagar",
        "Chandrapur",
        "Parbhani",
        "Shirdi",
        "Pandharpur",
        "Trimbakeshwar",
        "Bhimashankar",
        "Grishneshwar",
        "Aundha Nagnath",
        "Parli Vaijnath",
        "Tuljapur",
        "Mahalakshmi"
    ],
    "Manipur": [
        "Imphal",
        "Thoubal",
        "Kakching"
    ],
    "Meghalaya": [
        "Shillong",
        "Tura",
        "Jowai"
    ],
    "Mizoram": [
        "Aizawl",
        "Lunglei"
    ],
    "Nagaland": [
        "Dimapur",
        "Kohima"
    ],
    "Odisha": [
        "Bhubaneswar",
        "Cuttack",
        "Rourkela",
        "Berhampur",
        "Sambalpur",
        "Puri",
        "Konark",
        "Balasore",
        "Bhadrak",
        "Baripada"
    ],
    "Punjab": [
        "Ludhiana",
        "Amritsar",
        "Jalandhar",
        "Patiala",
        "Bathinda",
        "Hoshiarpur",
        "Mohali",
        "Pathankot"
    ],
    "Rajasthan": [
        "Jaipur",
        "Jodhpur",
        "Kota",
        "Bikaner",
        "Ajmer",
        "Udaipur",
        "Bhilwara",
        "Alwar",
        "Bharatpur",
        "Sikar",
        "Pushkar",
        "Nathdwara",
        "Khatushyamji",
        "Salasar",
        "Ranakpur",
        "Mount Abu"
    ],
    "Sikkim": [
        "Gangtok",
        "Namchi"
    ],
    "Tamil Nadu": [
        "Chennai",
        "Coimbatore",
        "Madurai",
        "Tiruchirappalli",
        "Salem",
        "Tirunelveli",
        "Erode",
        "Vellore",
        "Tiruppur",
        "Thoothukudi",
        "Nagercoil",
        "Thanjavur",
        "Dindigul",
        "Kanchipuram",
        "Rameswaram",
        "Kanyakumari",
        "Chidambaram",
        "Kumbakonam",
        "Tiruvannamalai",
        "Palani",
        "Srirangam"
    ],
    "Telangana": [
        "Hyderabad",
        "Warangal",
        "Nizamabad",
        "Karimnagar",
        "Ramagundam",
        "Khammam",
        "Mahbubnagar",
        "Nalgonda",
        "Adilabad",
        "Suryapet",
        "Bhadrachalam",
        "Yadagirigutta",
        "Basara"
    ],
    "Tripura": [
        "Agartala",
        "Udaipur",
        "Dharmanagar"
    ],
    "Uttar Pradesh": [
        "Lucknow",
        "Kanpur",
        "Ghaziabad",
        "Agra",
        "Meerut",
        "Varanasi",
        "Prayagraj",
        "Bareilly",
        "Aligarh",
        "Moradabad",
        "Saharanpur",
        "Gorakhpur",
        "Noida",
        "Firozabad",
        "Jhansi",
        "Muzaffarnagar",
        "Mathura",
        "Ayodhya",
        "Vrindavan",
        "Chitrakoot",
        "Naimisharanya",
        "Vindhyachal"
    ],
    "Uttarakhand": [
        "Dehradun",
        "Haridwar",
        "Roorkee",
        "Haldwani",
        "Rudrapur",
        "Rishikesh",
        "Nainital",
        "Almora",
        "Badrinath",
        "Kedarnath",
        "Gangotri",
        "Yamunotri",
        "Devprayag"
    ],
    "West Bengal": [
        "Kolkata",
        "Asansol",
        "Siliguri",
        "Durgapur",
        "Bardhaman",
        "Malda",
        "Baharampur",
        "Habra",
        "Kharagpur",
        "Shantipur",
        "Dakshineswar",
        "Kalighat",
        "Tarapith",
        "Mayapur",
        "Gangasagar"
    ],
    "Delhi": [
        "Delhi",
        "New Delhi"
    ],
    "Jammu and Kashmir": [
        "Srinagar",
        "Jammu",
        "Anantnag",
        "Baramulla",
        "Katra",
        "Vaishno Devi",
        "Amarnath"
    ],
    "Ladakh": [
        "Leh",
        "Kargil"
    ],
    "Puducherry": [
        "Puducherry",
        "Karaikal"
    ]
}